标题,描述,内容,发布时间,分类,作者,当前链接,上级链接,下载时间
受累周边跌势 2016年首个交易日澳大利亚股市以跌..,FX168讯 周一（1月4日）澳大利亚股票回吐涨幅收盘时下跌0.5%，银行股领跌，因中国股市大跌抑制了市场的风险偏好。   澳大利亚S&P/ASX 200指数的收盘价下跌了23.36点，至5270....,"
新浪财经
会议讲座
>
2015中国国际石油化工大会
>
正文
-->
外汇
>
正文-->
&gt;
正文
行情
股吧
新闻
外汇
受累周边跌势 2016年首个交易日澳大利亚股市以跌势作收
2016年01月04日15:30
FX168
分享
添加喜爱
打印
增大字体
减小字体
视频加载中，请稍候...
自动播放
play
中国将继续放宽外资准入
向前
向后
-->
　　FX168讯 周一（1月4日）澳大利亚股票回吐涨幅收盘时下跌0.5%，银行股领跌，因中国股市大跌抑制了市场的风险偏好。
　　澳大利亚S&amp;P/ASX 200指数的收盘价下跌了23.36点，至5270.50点，基准指数盘中上升了0.7%。
　　2015年澳大利亚基准指数下跌了2.1%，为四年来首次录得年线跌幅，因铁矿石和金属价格下滑对蓝筹矿业股造成冲击，繁重的资本规则也抑制了权重银行类股的表现。
　　新西兰的S&amp;P / NZX 50指数因为假期休市周二将重新开放市场。
　　校对：长阳
进入
【新浪财经股吧】
讨论
我要反馈
保存网页
分享
添加喜爱
打印
增大字体
减小字体
新浪理财师推荐
观摩专业理财师操盘 跟买跟卖赚大钱&gt;&gt;
更多理财师
相关阅读
聚焦
应用中心
新浪公益
新浪游戏
互动活动
热点推荐
一生良师益友：海词词典
保护隐私与安全：应用锁
股民的第一选择：同花顺
定位家人的位置：跟屁虫
私人大游艇：快来造船吧
一个人狩猎：狙击手猎鹿
和敌人战斗：萌军飞行队
恐怖的对决：CS反恐精英
路程全掌握：凯立德导航
高清图片分享：奇思壁纸
捕捉精彩瞬间：特效相机
有热度有态度：人民日报
飞越天际：飞天滑板高手
等你征服：叛乱武士之战
魔幻旅：小小魔兽大战争
斗魂：超合体魔术机器人
微博益起来感恩行动
2013捐一元爱心送营养
2013壹基金公益映像节
水立方中国公益平台
阿里巴巴公益广告大赛
思源方舟防灾减灾
2013爱佑慈善晚宴
佳能影像公益
贫困儿童图书漂流箱项目
福特汽车环保奖
女童权益保护全球行动
奔驰自然保护项目
佳能希望小学色彩教室
卡夫希望厨房
妇基会母亲包邮活动
微博-达人通
《九阴真经》唯我独尊礼包
《梦幻西游手游版》夏日情谊卡
《星际战甲》新浪高级特权礼包
《问道》天书奇谭至尊礼包
《新倩女幽魂》新浪特权礼包
《热血传奇》15周年专区礼包
《大话西游2》人气公测礼包
《倩女幽魂2》新浪1888元白金卡
《第三把剑》新浪特权皇钻礼包
《奇迹MU》 新浪独家礼包
《龙门虎将》新浪定制礼包
《虎豹骑》二次测试码
角色扮演类新手卡
射击类游戏新手卡
动作类游戏新手卡
策略类游戏新手卡
新浪专栏：读名家知天下
想成为专栏作家？戳这里
强势围观！政务微博大事件！
快来看！湖南微博有大事！
最火博文 大家都在看
一大波台湾美食正在向你逼近！
[财经]股市行情查询
[财经]理财计算器
[科技]数码产品库
[视频]最热影视大片
[旅游]国内外景点查询
[育儿]育儿实用工具库
[汽车]车型查询
[女性]化妆品产品库
[星座]星座运势查询
[娱乐]影讯查询
[娱乐]电视节目表
[教育]大学院校查询
·
城市热点节庆活动
·
新浪《对话城市》
·
诚招合作伙伴
·
新企邮上线更优惠
新浪扶翼
行业专区
close
新浪简介
┊
About Sina
┊
广告服务
┊
联系我们
┊
招聘信息
┊
网站律师
┊
SINA English
┊
通行证注册
┊
产品答疑
Copyright
©
1996-2015 SINA Corporation, All Rights Reserved
新浪公司
版权所有
",2016-01-04T07:42:59.000Z,财经最新,新浪,http://finance.sina.com.cn/money/forex/datafx/2016-01-04/doc-ifxneept3659083.shtml,http://news.baidu.com/n?cmd=4&class=finannews&tn=rss,2016-01-04 15:45:39
NBFforex：受原油下跌拖累 日央行料将下调通胀预期,"



近日有报道称，日本央行预计将下调始于4月份财政年度的通胀率预期，如果原油价格维持低位，可能会推迟通胀率达到2%目标的预期时间。日内将有欧元区12月制造业PMI公布。   欧元/美元：   从日线上看...","
新浪财经
会议讲座
>
2015中国国际石油化工大会
>
正文
-->
外汇
>
正文-->
&gt;
正文
行情
股吧
新闻
外汇
NBFforex：受原油下跌拖累 日央行料将下调通胀预期
2016年01月04日15:30
FX168
分享
添加喜爱
打印
增大字体
减小字体
视频加载中，请稍候...
自动播放
play
中国将继续放宽外资准入
向前
向后
-->
　　近日有报道称，日本
央行
预计将下调始于4月份财政年度的通胀率预期，如果原油价格维持低位，可能会推迟通胀率达到2%目标的预期时间。日内将有欧元区12月制造业PMI公布。
　　欧元/美元：
　　从日线上看，上周四亚市开盘后震荡反弹，欧市盘初触及1.0935一线承压下行，盘中在利空因素打压下扩大跌幅，今日开盘后继续走低，目前随机指标偏下，日内料将震荡下行。
　　支撑阻力方面，支撑位于1.0810密集支撑区，1.0750一线，1.0690关口，阻力位于1.0920布林中轨处，1.0980密集压力区，1.1040布林上轨处。
　　美元/日元：
　　从日线上看，上周四亚市开盘后继续走低，盘中在利空因素打压下扩大跌幅，至收盘回落至120.00一线略有反复，今日开盘后小幅反弹，目前随机指标偏上，日内料将震荡调整。
　　支撑阻力方面，支撑位于119.60密集支撑区，119.00一线，118.40关口，阻力位于120.80密集压力区，121.40布林中轨处，122.00一线。
　　2016-01-04
进入
【新浪财经股吧】
讨论
我要反馈
保存网页
分享
添加喜爱
打印
增大字体
减小字体
新浪理财师推荐
观摩专业理财师操盘 跟买跟卖赚大钱&gt;&gt;
更多理财师
相关阅读
聚焦
应用中心
新浪公益
新浪游戏
互动活动
热点推荐
一生良师益友：海词词典
保护隐私与安全：应用锁
股民的第一选择：同花顺
定位家人的位置：跟屁虫
私人大游艇：快来造船吧
一个人狩猎：狙击手猎鹿
和敌人战斗：萌军飞行队
恐怖的对决：CS反恐精英
路程全掌握：凯立德导航
高清图片分享：奇思壁纸
捕捉精彩瞬间：特效相机
有热度有态度：人民日报
飞越天际：飞天滑板高手
等你征服：叛乱武士之战
魔幻旅：小小魔兽大战争
斗魂：超合体魔术机器人
微博益起来感恩行动
2013捐一元爱心送营养
2013壹基金公益映像节
水立方中国公益平台
阿里巴巴公益广告大赛
思源方舟防灾减灾
2013爱佑慈善晚宴
佳能影像公益
贫困儿童图书漂流箱项目
福特汽车环保奖
女童权益保护全球行动
奔驰自然保护项目
佳能希望小学色彩教室
卡夫希望厨房
妇基会母亲包邮活动
微博-达人通
《九阴真经》唯我独尊礼包
《梦幻西游手游版》夏日情谊卡
《星际战甲》新浪高级特权礼包
《问道》天书奇谭至尊礼包
《新倩女幽魂》新浪特权礼包
《热血传奇》15周年专区礼包
《大话西游2》人气公测礼包
《倩女幽魂2》新浪1888元白金卡
《第三把剑》新浪特权皇钻礼包
《奇迹MU》 新浪独家礼包
《龙门虎将》新浪定制礼包
《虎豹骑》二次测试码
角色扮演类新手卡
射击类游戏新手卡
动作类游戏新手卡
策略类游戏新手卡
新浪专栏：读名家知天下
想成为专栏作家？戳这里
强势围观！政务微博大事件！
快来看！湖南微博有大事！
最火博文 大家都在看
一大波台湾美食正在向你逼近！
[财经]股市行情查询
[财经]理财计算器
[科技]数码产品库
[视频]最热影视大片
[旅游]国内外景点查询
[育儿]育儿实用工具库
[汽车]车型查询
[女性]化妆品产品库
[星座]星座运势查询
[娱乐]影讯查询
[娱乐]电视节目表
[教育]大学院校查询
·
城市热点节庆活动
·
新浪《对话城市》
·
诚招合作伙伴
·
新企邮上线更优惠
新浪扶翼
行业专区
close
新浪简介
┊
About Sina
┊
广告服务
┊
联系我们
┊
招聘信息
┊
网站律师
┊
SINA English
┊
通行证注册
┊
产品答疑
Copyright
©
1996-2015 SINA Corporation, All Rights Reserved
新浪公司
版权所有
",2016-01-04T07:42:59.000Z,财经最新,新浪,http://finance.sina.com.cn/money/forex/datafx/2016-01-04/doc-ifxncyar6289588.shtml,http://news.baidu.com/n?cmd=4&class=finannews&tn=rss,2016-01-04 15:45:40
NBFforex：中国12月PMI数据好坏不一 引发外界臆..,"



周六中国方面发布的数据显示，中国12月官方制造业PMI 49.7，预期49.8，前值49.6。   中国12月官方非制造业PMI 54.4，为2014年8月以来最高水准，前值53.6。引发外界臆测纷...","
新浪财经
会议讲座
>
2015中国国际石油化工大会
>
正文
-->
外汇
>
正文-->
&gt;
正文
行情
股吧
新闻
外汇
NBFforex：中国12月PMI数据好坏不一 引发外界臆测纷纷
2016年01月04日15:30
FX168
分享
添加喜爱
打印
增大字体
减小字体
视频加载中，请稍候...
自动播放
play
中国将继续放宽外资准入
向前
向后
-->
　　周六中国方面发布的数据显示，中国12月官方制造业PMI 49.7，预期49.8，前值49.6。
　　中国12月官方非制造业PMI 54.4，为2014年8月以来最高水准，前值53.6。引发外界臆测纷纷。
　　澳元/美元:
　　从日线上看，上周四亚市开盘后继续走高，欧盘时段触及0.7326一线承压下行，纽约盘时段回落至0.7267一线略有反复，今日开盘后小幅回落，目前随机指标偏下，日内料将震荡调整。
　　支撑阻力方面，支撑位于0.7240密集支撑区，0.7180密集支撑区，0.7120一线，阻力位于0.7340布林上轨处，0.7400一线，0.7460关口。
　　美元/加元:
　　从日线上看，上周四亚市开盘后震荡反弹，欧盘时段触及1.3902一线承压下行，今日开盘后震荡反弹， 目前随机指标偏上，日内料将震荡调整。
　　支撑阻力方面，支撑位于1.3800密集支撑区，1.3740一线，1.3680关口，阻力位于1.3920密集压力区，1.3980一线，1.4040关口。
　　2016-01-04
进入
【新浪财经股吧】
讨论
我要反馈
保存网页
分享
添加喜爱
打印
增大字体
减小字体
新浪理财师推荐
观摩专业理财师操盘 跟买跟卖赚大钱&gt;&gt;
更多理财师
相关阅读
聚焦
应用中心
新浪公益
新浪游戏
互动活动
热点推荐
一生良师益友：海词词典
保护隐私与安全：应用锁
股民的第一选择：同花顺
定位家人的位置：跟屁虫
私人大游艇：快来造船吧
一个人狩猎：狙击手猎鹿
和敌人战斗：萌军飞行队
恐怖的对决：CS反恐精英
路程全掌握：凯立德导航
高清图片分享：奇思壁纸
捕捉精彩瞬间：特效相机
有热度有态度：人民日报
飞越天际：飞天滑板高手
等你征服：叛乱武士之战
魔幻旅：小小魔兽大战争
斗魂：超合体魔术机器人
微博益起来感恩行动
2013捐一元爱心送营养
2013壹基金公益映像节
水立方中国公益平台
阿里巴巴公益广告大赛
思源方舟防灾减灾
2013爱佑慈善晚宴
佳能影像公益
贫困儿童图书漂流箱项目
福特汽车环保奖
女童权益保护全球行动
奔驰自然保护项目
佳能希望小学色彩教室
卡夫希望厨房
妇基会母亲包邮活动
微博-达人通
《九阴真经》唯我独尊礼包
《梦幻西游手游版》夏日情谊卡
《星际战甲》新浪高级特权礼包
《问道》天书奇谭至尊礼包
《新倩女幽魂》新浪特权礼包
《热血传奇》15周年专区礼包
《大话西游2》人气公测礼包
《倩女幽魂2》新浪1888元白金卡
《第三把剑》新浪特权皇钻礼包
《奇迹MU》 新浪独家礼包
《龙门虎将》新浪定制礼包
《虎豹骑》二次测试码
角色扮演类新手卡
射击类游戏新手卡
动作类游戏新手卡
策略类游戏新手卡
新浪专栏：读名家知天下
想成为专栏作家？戳这里
强势围观！政务微博大事件！
快来看！湖南微博有大事！
最火博文 大家都在看
一大波台湾美食正在向你逼近！
[财经]股市行情查询
[财经]理财计算器
[科技]数码产品库
[视频]最热影视大片
[旅游]国内外景点查询
[育儿]育儿实用工具库
[汽车]车型查询
[女性]化妆品产品库
[星座]星座运势查询
[娱乐]影讯查询
[娱乐]电视节目表
[教育]大学院校查询
·
城市热点节庆活动
·
新浪《对话城市》
·
诚招合作伙伴
·
新企邮上线更优惠
新浪扶翼
行业专区
close
新浪简介
┊
About Sina
┊
广告服务
┊
联系我们
┊
招聘信息
┊
网站律师
┊
SINA English
┊
通行证注册
┊
产品答疑
Copyright
©
1996-2015 SINA Corporation, All Rights Reserved
新浪公司
版权所有
",2016-01-04T07:42:59.000Z,财经最新,新浪,http://finance.sina.com.cn/money/forex/datafx/2016-01-04/doc-ifxncyar6289591.shtml,http://news.baidu.com/n?cmd=4&class=finannews&tn=rss,2016-01-04 15:45:40
新年日本股市开张迎来3个月以来最大的单日下跌,FX168讯 日本股市周一(1月4日)收盘大跌至两个半月低位，此前中国公布了低迷的制造业数据，加之美国股市去年底的跌势，令投资者在新年第一个交易日信心受挫。   周一收盘大跌至两个半月低位，此前中国...,"
新浪财经
会议讲座
>
2015中国国际石油化工大会
>
正文
-->
外汇
>
正文-->
&gt;
正文
行情
股吧
新闻
外汇
新年日本股市开张迎来3个月以来最大的单日下跌
2016年01月04日15:27
FX168
分享
添加喜爱
打印
增大字体
减小字体
视频加载中，请稍候...
自动播放
play
中国将继续放宽外资准入
向前
向后
-->
　　FX168讯 日本股市周一(1月4日)收盘大跌至两个半月低位，此前中国公布了低迷的制造业数据，加之美国股市去年底的跌势，令投资者在新年第一个交易日信心受挫。
　　周一收盘大跌至两个半月低位，此前中国公布了低迷的制造业数据，加之美国股市去年底的跌势，令投资者在新年第一个交易日信心受挫。
　　日经225指数下挫3.1%，报18450.98。这是9月29日来的最大单日跌幅。
　　东证股指原油及煤矿分指数上涨0.8%。由于两大产油国沙特和伊朗关系紧张，原油价格飙升，美元走弱。
　　东证股指下挫2.4%，报1509.67，所有33个分类指数中只有两个未跌入负值区间。
　　JPX-日经400下挫2.5%，报13597.24。
　　校对：长阳
进入
【新浪财经股吧】
讨论
我要反馈
保存网页
分享
添加喜爱
打印
增大字体
减小字体
新浪理财师推荐
观摩专业理财师操盘 跟买跟卖赚大钱&gt;&gt;
更多理财师
相关阅读
聚焦
应用中心
新浪公益
新浪游戏
互动活动
热点推荐
一生良师益友：海词词典
保护隐私与安全：应用锁
股民的第一选择：同花顺
定位家人的位置：跟屁虫
私人大游艇：快来造船吧
一个人狩猎：狙击手猎鹿
和敌人战斗：萌军飞行队
恐怖的对决：CS反恐精英
路程全掌握：凯立德导航
高清图片分享：奇思壁纸
捕捉精彩瞬间：特效相机
有热度有态度：人民日报
飞越天际：飞天滑板高手
等你征服：叛乱武士之战
魔幻旅：小小魔兽大战争
斗魂：超合体魔术机器人
微博益起来感恩行动
2013捐一元爱心送营养
2013壹基金公益映像节
水立方中国公益平台
阿里巴巴公益广告大赛
思源方舟防灾减灾
2013爱佑慈善晚宴
佳能影像公益
贫困儿童图书漂流箱项目
福特汽车环保奖
女童权益保护全球行动
奔驰自然保护项目
佳能希望小学色彩教室
卡夫希望厨房
妇基会母亲包邮活动
微博-达人通
《九阴真经》唯我独尊礼包
《梦幻西游手游版》夏日情谊卡
《星际战甲》新浪高级特权礼包
《问道》天书奇谭至尊礼包
《新倩女幽魂》新浪特权礼包
《热血传奇》15周年专区礼包
《大话西游2》人气公测礼包
《倩女幽魂2》新浪1888元白金卡
《第三把剑》新浪特权皇钻礼包
《奇迹MU》 新浪独家礼包
《龙门虎将》新浪定制礼包
《虎豹骑》二次测试码
角色扮演类新手卡
射击类游戏新手卡
动作类游戏新手卡
策略类游戏新手卡
新浪专栏：读名家知天下
想成为专栏作家？戳这里
强势围观！政务微博大事件！
快来看！湖南微博有大事！
最火博文 大家都在看
一大波台湾美食正在向你逼近！
[财经]股市行情查询
[财经]理财计算器
[科技]数码产品库
[视频]最热影视大片
[旅游]国内外景点查询
[育儿]育儿实用工具库
[汽车]车型查询
[女性]化妆品产品库
[星座]星座运势查询
[娱乐]影讯查询
[娱乐]电视节目表
[教育]大学院校查询
·
城市热点节庆活动
·
新浪《对话城市》
·
诚招合作伙伴
·
新企邮上线更优惠
新浪扶翼
行业专区
close
新浪简介
┊
About Sina
┊
广告服务
┊
联系我们
┊
招聘信息
┊
网站律师
┊
SINA English
┊
通行证注册
┊
产品答疑
Copyright
©
1996-2015 SINA Corporation, All Rights Reserved
新浪公司
版权所有
",2016-01-04T07:42:59.000Z,财经最新,新浪,http://finance.sina.com.cn/money/forex/datafx/2016-01-04/doc-ifxneept3658914.shtml,http://news.baidu.com/n?cmd=4&class=finannews&tn=rss,2016-01-04 15:45:40
FXTM富拓：2016汇市仍围绕美元,"



过去的2015年注定是美元之年，美联储加息成为金融市场关注的重中之重，美元随加息预期的升温而持续升值。尽管ICE美元指数兑一篮子货币于去年3月份在100关口附近筑顶后陷入宽幅区间整理，但全年仍录得9...","
新浪财经
会议讲座
>
2015中国国际石油化工大会
>
正文
-->
外汇
>
正文-->
&gt;
正文
行情
股吧
新闻
外汇
FXTM富拓：2016汇市仍围绕美元
2016年01月04日15:27
FX168
分享
添加喜爱
打印
增大字体
减小字体
视频加载中，请稍候...
自动播放
play
中国将继续放宽外资准入
向前
向后
-->
　　过去的2015年注定是美元之年，美联储加息成为金融市场关注的重中之重，美元随加息预期的升温而持续升值。尽管ICE
美元指数
兑一篮子货币于去年3月份在100关口附近筑顶后陷入宽幅区间整理，但全年仍录得9%的涨幅，兑欧元升值11.4%。加息预期也令美股录得2008年以来的最差表现，道琼斯工业指数跌全年下跌2.2%，标普500指数下跌0.7%，其中能源股下挫24%。不过科技股权重很大的纳指上涨5.7%，Netflix和
亚马逊
分别上涨134%和118%。
　　焦点在美联储加息幅度
　　目前市场焦点已经转向美联储2016年加速速度和幅度上。美联储的点状图显示美联储将于今年加息四次，若美国经济如耶伦预期复苏，则可能每个季度加息一次。市场预计第二次加息时间大概为4月份左右。由于距离第二次加息时间过长，因此这种预期对美元的影响有限，美国基本面以及外部因素将成为美联储二次加息之前的主要推动因素。
　　2016年开局商品不乐观
　　这些外部因素首先要提的是商品市场。因美联储加息，现货黄金价格连续第三年下跌，2015年跌幅超过10%，市场仍不看好2016年行情。另外全球供应过剩局面令国际油价暴跌，美国WTI原油期货跌幅超过30%。美元升值也导致其他大宗商品价格暴跌。进入2016年，一旦商品价格的跌势开始放缓，或暗示美元的升势也将放缓。
　　其他
央行
国家政策
　　此外，从其他央行的政策前景来看。欧央行自去年1月启动亿万购债计划以来，
欧元兑美元
大幅贬值。不过进入下半年汇价陷入1.0500上方的区间盘整。12月初欧央行进一步下调存款利率并延展QE计划，但没有扩大QE规模，令市场失望，导致欧元兑美元强势反弹至1.10关口上方。尽管欧央行行长德拉吉多次强调随时准备调整货币政策，但2016年该央行进一步扩大宽松货币政策的几率不大，即使美联储启动加息周期，随着欧元区经济的复苏，欧元兑美元的贬值速度也将明显放缓，年初欧元兑美元甚至可能继续朝着大型区间顶部1.15关口迈进。
　　最后，澳储行和纽储行对于各自经济经济前景更加乐观。尽管商品货币国家依然面临来自全球商品价格承压以及中国经济放缓的冲击，但这种负面的作用或随着低油价对经济的渗透而开始减弱，也有助于缓解商品货币兑美元的下行压力。
　　本周焦点在非农
　　本周将迎来美国1月非农就业报告。除非数据异常疲弱，否则美元仍将获得支撑。由于市场恢复正常的交易量还需一段时间，因此市场将延续之前的行情，也将非美将总体承压。
　　技术分析：
　　欧元/美元继续在1.100至1.080的区间震荡，汇价显示上方受到的压力仍然较强，区间震荡仍然以逢高做空为主。
　　澳元/美元日线图形早上受到中国制造业差的拖累大幅下挫，目前关注0.7200的支持，下破将重新回落至8月以来的中期支持线。
　　美元兑日元日图已经跌破120.50，目前在119.50的中期支持线受到支持。汇价如果跌破这个支持线将打开新的下行空间。
　　黄金兑美元四小时图形在1082受阻重新形成新的短期下行通道，建议在这个下行通道中以通道上轨为止损逢高做空。
　　2016-01-04
进入
【新浪财经股吧】
讨论
我要反馈
保存网页
分享
添加喜爱
打印
增大字体
减小字体
新浪理财师推荐
观摩专业理财师操盘 跟买跟卖赚大钱&gt;&gt;
更多理财师
相关阅读
聚焦
应用中心
新浪公益
新浪游戏
互动活动
热点推荐
一生良师益友：海词词典
保护隐私与安全：应用锁
股民的第一选择：同花顺
定位家人的位置：跟屁虫
私人大游艇：快来造船吧
一个人狩猎：狙击手猎鹿
和敌人战斗：萌军飞行队
恐怖的对决：CS反恐精英
路程全掌握：凯立德导航
高清图片分享：奇思壁纸
捕捉精彩瞬间：特效相机
有热度有态度：人民日报
飞越天际：飞天滑板高手
等你征服：叛乱武士之战
魔幻旅：小小魔兽大战争
斗魂：超合体魔术机器人
微博益起来感恩行动
2013捐一元爱心送营养
2013壹基金公益映像节
水立方中国公益平台
阿里巴巴公益广告大赛
思源方舟防灾减灾
2013爱佑慈善晚宴
佳能影像公益
贫困儿童图书漂流箱项目
福特汽车环保奖
女童权益保护全球行动
奔驰自然保护项目
佳能希望小学色彩教室
卡夫希望厨房
妇基会母亲包邮活动
微博-达人通
《九阴真经》唯我独尊礼包
《梦幻西游手游版》夏日情谊卡
《星际战甲》新浪高级特权礼包
《问道》天书奇谭至尊礼包
《新倩女幽魂》新浪特权礼包
《热血传奇》15周年专区礼包
《大话西游2》人气公测礼包
《倩女幽魂2》新浪1888元白金卡
《第三把剑》新浪特权皇钻礼包
《奇迹MU》 新浪独家礼包
《龙门虎将》新浪定制礼包
《虎豹骑》二次测试码
角色扮演类新手卡
射击类游戏新手卡
动作类游戏新手卡
策略类游戏新手卡
新浪专栏：读名家知天下
想成为专栏作家？戳这里
强势围观！政务微博大事件！
快来看！湖南微博有大事！
最火博文 大家都在看
一大波台湾美食正在向你逼近！
[财经]股市行情查询
[财经]理财计算器
[科技]数码产品库
[视频]最热影视大片
[旅游]国内外景点查询
[育儿]育儿实用工具库
[汽车]车型查询
[女性]化妆品产品库
[星座]星座运势查询
[娱乐]影讯查询
[娱乐]电视节目表
[教育]大学院校查询
·
城市热点节庆活动
·
新浪《对话城市》
·
诚招合作伙伴
·
新企邮上线更优惠
新浪扶翼
行业专区
close
新浪简介
┊
About Sina
┊
广告服务
┊
联系我们
┊
招聘信息
┊
网站律师
┊
SINA English
┊
通行证注册
┊
产品答疑
Copyright
©
1996-2015 SINA Corporation, All Rights Reserved
新浪公司
版权所有
",2016-01-04T07:42:59.000Z,财经最新,新浪,http://finance.sina.com.cn/money/forex/datafx/2016-01-04/doc-ifxneept3658920.shtml,http://news.baidu.com/n?cmd=4&class=finannews&tn=rss,2016-01-04 15:45:40
孙建发：金银短线仍然偏空 国际原油有望普涨,"



美国克利夫兰联储主席梅斯特周日（1月3日）表示，称自己完全支持美联储12月加息行动。美国克利夫兰联储主席梅斯特周日（1月3日）表示，美联储（FED）上个月的升息是朝着更加正常的政策时代谨慎迈出的第一...","
新浪财经
会议讲座
>
2015中国国际石油化工大会
>
正文
-->
外汇
>
正文-->
&gt;
正文
行情
股吧
新闻
外汇
孙建发：金银短线仍然偏空 国际原油有望普涨
2016年01月04日15:27
FX168
分享
添加喜爱
打印
增大字体
减小字体
视频加载中，请稍候...
自动播放
play
中国将继续放宽外资准入
向前
向后
-->
　　美国克利夫兰联储主席梅斯特周日（1月3日）表示，称自己完全支持美联储12月加息行动。美国克利夫兰联储主席梅斯特周日（1月3日）表示，美联储（FED）上个月的升息是朝着更加正常的政策时代谨慎迈出的第一步，此举暗示该
央行
相信美国经济将继续改善。梅斯特称自己完全支持12月的行动，她的立场偏于强硬，而且今年在美国联邦公开市场委员会（FOMC）中具有投票权。梅斯特指出，在利率逐步正常化的道路上迈出第一步是谨慎之举，这也&#34;表明货币政策决策者相信，最近几年所出现的经济发展将会持续。&#34;美联储在去年12月中旬将指标利率从接近于零的水平上调，为近10年来首次收紧政策。这在普遍预期之中，但美联储考虑何时再度采取行动，仍可能撼动金融市场。
　　交易品种：现货黄金（XAUUSD）
　　交易方向：逢高做空
　　交易策略：1068附近做空，严格止损1072，目标1060-1050
　　交易原理：均线理论
　　交易品种：现货白银（XAGUSD）
　　交易方向：逢高做空
　　交易策略：14.0附近做空，严格止损14.2，目标13.7-13.3
　　交易原理：均线理论
　　交易品种：国际原油（USOIL）
　　交易方向：逢低做多
　　交易策略：37.25附近做多，严格止损36.85，目标38.00-39.20
　　交易原理：切线理论
　　注：交易策略属短线静态策略，实际要根据市场稍作调整。纯属分析师个人观点，如有异议切勿仿效。一家之言仅供参考，据此操作盈亏自负。
　　2016-01-04
进入
【新浪财经股吧】
讨论
我要反馈
保存网页
分享
添加喜爱
打印
增大字体
减小字体
新浪理财师推荐
观摩专业理财师操盘 跟买跟卖赚大钱&gt;&gt;
更多理财师
相关阅读
聚焦
应用中心
新浪公益
新浪游戏
互动活动
热点推荐
一生良师益友：海词词典
保护隐私与安全：应用锁
股民的第一选择：同花顺
定位家人的位置：跟屁虫
私人大游艇：快来造船吧
一个人狩猎：狙击手猎鹿
和敌人战斗：萌军飞行队
恐怖的对决：CS反恐精英
路程全掌握：凯立德导航
高清图片分享：奇思壁纸
捕捉精彩瞬间：特效相机
有热度有态度：人民日报
飞越天际：飞天滑板高手
等你征服：叛乱武士之战
魔幻旅：小小魔兽大战争
斗魂：超合体魔术机器人
微博益起来感恩行动
2013捐一元爱心送营养
2013壹基金公益映像节
水立方中国公益平台
阿里巴巴公益广告大赛
思源方舟防灾减灾
2013爱佑慈善晚宴
佳能影像公益
贫困儿童图书漂流箱项目
福特汽车环保奖
女童权益保护全球行动
奔驰自然保护项目
佳能希望小学色彩教室
卡夫希望厨房
妇基会母亲包邮活动
微博-达人通
《九阴真经》唯我独尊礼包
《梦幻西游手游版》夏日情谊卡
《星际战甲》新浪高级特权礼包
《问道》天书奇谭至尊礼包
《新倩女幽魂》新浪特权礼包
《热血传奇》15周年专区礼包
《大话西游2》人气公测礼包
《倩女幽魂2》新浪1888元白金卡
《第三把剑》新浪特权皇钻礼包
《奇迹MU》 新浪独家礼包
《龙门虎将》新浪定制礼包
《虎豹骑》二次测试码
角色扮演类新手卡
射击类游戏新手卡
动作类游戏新手卡
策略类游戏新手卡
新浪专栏：读名家知天下
想成为专栏作家？戳这里
强势围观！政务微博大事件！
快来看！湖南微博有大事！
最火博文 大家都在看
一大波台湾美食正在向你逼近！
[财经]股市行情查询
[财经]理财计算器
[科技]数码产品库
[视频]最热影视大片
[旅游]国内外景点查询
[育儿]育儿实用工具库
[汽车]车型查询
[女性]化妆品产品库
[星座]星座运势查询
[娱乐]影讯查询
[娱乐]电视节目表
[教育]大学院校查询
·
城市热点节庆活动
·
新浪《对话城市》
·
诚招合作伙伴
·
新企邮上线更优惠
新浪扶翼
行业专区
close
新浪简介
┊
About Sina
┊
广告服务
┊
联系我们
┊
招聘信息
┊
网站律师
┊
SINA English
┊
通行证注册
┊
产品答疑
Copyright
©
1996-2015 SINA Corporation, All Rights Reserved
新浪公司
版权所有
",2016-01-04T07:42:59.000Z,财经最新,新浪,http://finance.sina.com.cn/money/forex/datafx/2016-01-04/doc-ifxncyar6289398.shtml,http://news.baidu.com/n?cmd=4&class=finannews&tn=rss,2016-01-04 15:45:40
丹东市创新驱动的“乘法效应”,央广网沈阳1月4日消息（记者徐志强）进入冬季，天寒地冻，但东港市电子商务产业园电商平台却运营火爆：鳅地大米、黄海泥螺等农特产品成为网上销售的宠儿。东港电商大军的兴起，是我市积极推进电子商务、供应链物...,"
猜你喜欢
高速公路上掉下导弹？司机吓得躲在车后报警
男子精心策划骗来20万元 转身就被别人骗个精光
合肥女子送手机图省事 让老公手机自己乘电梯
相亲钱规则：男性拒付茶费每周仍约十几个姑娘
女子收到10086积分短信 打开链接后丢了9000元
女子请分析师手把手教投资 4个月赔光70万元
5旬快递员送快件时猝死 经常每天工作超12小时
男子保护父亲杀死堂兄潜逃 村民为其保密16年
视觉焦点
南昌烧饼大姐似王宝强
“女愚公”凿隧道脱贫
91岁老人照顾64岁儿子
55名男生排队告白
酷派360乐视股权争斗
平台化滴滴烧钱吓对手
推荐视频
神人开蒙面货车上高速狂奔
暗物质卫星回传探测数据
沈阳理工校花走红网络
全面二孩元旦正式实施
-->
央广网官方微信
手机央广网
点击排行
-->
",2016-01-04T07:42:59.000Z,财经最新,中国广播网,http://news.cnr.cn/native/city/20160104/t20160104_521020681.shtml,http://news.baidu.com/n?cmd=4&class=finannews&tn=rss,2016-01-04 15:45:41
一年600亿台币商机 大陆两大移动支付在台热战 ,据台湾《联合报》报道，台湾一年约有六百亿元(新台币，下同)的陆客“扫手机”商机，引爆大陆三大支付龙头登台抢客，蚂蚁金服旗下的“支付宝”，及腾讯旗下的“财付通”去年先后到位叫阵，撼动“中国银联”在台做...,"
一年600亿台币商机 大陆两大移动支付在台热战
2016年01月04日 15:25:02
来源：
中国新闻网
评论
0
打印
字大
字小
　　据台湾《联合报》报道，台湾一年约有六百亿元(新台币，下同)的陆客“扫手机”商机，引爆大陆三大支付龙头登台抢客，蚂蚁金服旗下的“支付宝”，及腾讯旗下的“财付通”去年先后到位叫阵，撼动“中国银联”在台做了五年半的陆客独家生意。
　　到去年十月底，银联卡在台提款加刷卡金额，已达380亿人民币、约1922亿台币，以陆客每年消费新增三成预估，去年银联卡在台消费将突破2000亿台币。但陆客惯用手机支付消费，银行估计“扫手机”O2O(Online to Offline)交易开通后，起码可替代三分之一，一年约600亿台币的付款争夺战一触即发。
　　过去五年多，陆客在台消费以银联卡刷卡或提款付现为主。但“支付宝”去年底在台开通“手机扫码支付”后，陆客赴台在指定商店“不须银联卡”，只要有手机和支付宝钱包，就可直接用手机感应付款。这种O2O消费模式，已成为移动支付市场新显学。
　　已登台的大陆第三方龙头中，又以“支付宝”最受欢迎，受台湾各银行追捧。玉山、元大银行都已宣布，开通支付宝在台扫码支付业务；光玉山银与支付宝的合作范围，就囊括台湾各大百货、连锁超商、夜市等各大商圈超过五千家商店入列，让陆客一次“扫”个够。据悉，排队上线与支付宝合作的，还有台新银行。
　　第一银行则找上“财付通”合作，兆丰银行虽还没取得“金管会”跨境电子支付业务许可，但也抢着先和“财付通”签好合作备忘录，期待赶上行动支付列车分一杯羹。
　　两大钱包夹攻下，银联卡腹背受敌，积极固守“实体卡片”基本盘；到去年底，台湾所有ATM都能以银联卡提款，除百货商场、餐厅、观光景点外，连高铁、台铁、台湾大车队出租车，也能刷银联卡付款，银联卡商店“覆盖率”高达七成，使用率仍然最高。
【纠错】
[责任编辑:
邱海棠
]
新华炫闻客户端下载
相关稿件
-->
-->
",2016-01-04T07:42:59.000Z,财经最新,新华网,http://news.xinhuanet.com/tw/2016-01/04/c_128593845.htm,http://news.baidu.com/n?cmd=4&class=finannews&tn=rss,2016-01-04 15:45:41
"恒泰君安：伊朗沙特""闹分手"" 原油价格高开低走","



本周是元旦假期周，市场成交延续上周圣诞节的低迷，加上当前处于主要国家的政策空档期，股市、债市、大宗商品全面陷入整理。   高盛等投行继续唱空黄金，俄罗斯、中国等继续增持。伊朗石油部长赞加内再度讲话称...","
新浪财经
会议讲座
>
2015中国国际石油化工大会
>
正文
-->
外汇
>
正文-->
&gt;
正文
行情
股吧
新闻
外汇
恒泰君安：伊朗沙特&#34;闹分手&#34; 原油价格高开低走
2016年01月04日15:24
FX168
分享
添加喜爱
打印
增大字体
减小字体
视频加载中，请稍候...
自动播放
play
中国将继续放宽外资准入
向前
向后
-->
　　本周是元旦假期周，市场成交延续上周圣诞节的低迷，加上当前处于主要国家的政策空档期，股市、债市、大宗商品全面陷入整理。
　　高盛等投行继续唱空黄金，俄罗斯、中国等继续增持。伊朗石油部长赞加内再度讲话称伊朗的首要任务是将原油的出货量提高到制裁前的水平，原油昨天再度暴跌。
　　2016年油价开局前景较为黯淡，伊朗出口制裁即将解除，OPEC12月维也纳会议毫无进展，供应过剩以及需求疲软问题难以短时间内解决，油价复苏之路遥遥无期。
　　此前有消息人士表示，伊拉克南部12月原油平均出口量为327万桶/日，接近11月时所创下的记录高位337万桶/日，巩固了伊拉克为2015年全球原油供应增长最快来源的地位。尽管伊拉克南部地区政局动荡及企业削减支出，使得产量增幅受限，但其2015年原油供应仍大幅增加，令市场大为吃惊。调查显示，伊拉克本月日均产量增长11.9万桶，至444万桶。作为OPEC第二大产油国，伊拉克的单月产油量接近1989年以来的最高水平。
　　本周重要财经数据一览
　　周一：09:45 中国12月财新制造业PMI终值；16:50-17:00 法国、德国、欧元区12月制造业PMI终值；17:30 英国12月制造业PMI和11月
央行
抵押贷款许可；21:00 德国12月CPI月率初值；22:45 美国12月Markit制造业PMI终值；23:00 美国12月ISM制造业PMI和11月营建支出月率；
　　周二：16:55 德国12月季调后失业人数和季调后失业率 18:00 欧元区12月CPI年率初值；
　　周三：05:30 美国至1月1日当周API原油库存；09:45 中国12月财新服务业PMI；16:50-17:00 法、德、欧元区12月服务业PMI终值；17:30 英国12月服务业PMI；18:00 欧元区11月PPI月率；21:15 美国12月ADP就业人数；22:45 美国12月Markit服务业PMI终值 23:00 美国12月ISM非制造业PMI、11月耐用品订单月率和工厂订单月率；23:30美国至1月1日当周EIA原油库存；
　　周四：18:00 欧元区11月失业率、12月经济景气指数、 12月工业景气指数、12月消费者信心指数终值、11月零售销售月率；20:30 美国12月挑战者企业裁员人数；21:30 美国至1月2日当周初请；
　　周五：14:45 瑞士12月季调后失业率；15:00 德国11月未季调贸易帐、11月季调后经常帐和工业产出月率15:45 法国11月贸易帐和工业产出月率；16:15 瑞士12月CPI月率；17:30 英国11月季调后商品贸易帐；21:30 美国12月失业率和季调后非农就业人口；23:00 美国11月批发销售月率；
　　周六：02:00 美国至1月8日当周石油钻井总数。
　　今日重点关注的财经数据与事件 2016年1月4日 周一
　　① 16:50 法国12月制造业PMI终值
　　② 16:55 德国12月制造业PMI终值
　　③ 17:00 欧元区12月制造业PMI终值
　　④ 17:30 英国12月制造业PMI、11月央行抵押贷款许可
　　⑤ 21:00 德国12月CPI月率初值
　　⑥ 22:45 美国12月Markit制造业PMI终值
　　⑦ 23:00 美国12月ISM制造业PMI、11月营建支出月率
　　午间策略如下：4635-4615多单进场，止损点位4600-4590，目标位置4680-4700。
　　文/恒泰君安（aopme.com）
　　2016-1-4
进入
【新浪财经股吧】
讨论
我要反馈
保存网页
分享
添加喜爱
打印
增大字体
减小字体
新浪理财师推荐
观摩专业理财师操盘 跟买跟卖赚大钱&gt;&gt;
更多理财师
相关阅读
聚焦
应用中心
新浪公益
新浪游戏
互动活动
热点推荐
一生良师益友：海词词典
保护隐私与安全：应用锁
股民的第一选择：同花顺
定位家人的位置：跟屁虫
私人大游艇：快来造船吧
一个人狩猎：狙击手猎鹿
和敌人战斗：萌军飞行队
恐怖的对决：CS反恐精英
路程全掌握：凯立德导航
高清图片分享：奇思壁纸
捕捉精彩瞬间：特效相机
有热度有态度：人民日报
飞越天际：飞天滑板高手
等你征服：叛乱武士之战
魔幻旅：小小魔兽大战争
斗魂：超合体魔术机器人
微博益起来感恩行动
2013捐一元爱心送营养
2013壹基金公益映像节
水立方中国公益平台
阿里巴巴公益广告大赛
思源方舟防灾减灾
2013爱佑慈善晚宴
佳能影像公益
贫困儿童图书漂流箱项目
福特汽车环保奖
女童权益保护全球行动
奔驰自然保护项目
佳能希望小学色彩教室
卡夫希望厨房
妇基会母亲包邮活动
微博-达人通
《九阴真经》唯我独尊礼包
《梦幻西游手游版》夏日情谊卡
《星际战甲》新浪高级特权礼包
《问道》天书奇谭至尊礼包
《新倩女幽魂》新浪特权礼包
《热血传奇》15周年专区礼包
《大话西游2》人气公测礼包
《倩女幽魂2》新浪1888元白金卡
《第三把剑》新浪特权皇钻礼包
《奇迹MU》 新浪独家礼包
《龙门虎将》新浪定制礼包
《虎豹骑》二次测试码
角色扮演类新手卡
射击类游戏新手卡
动作类游戏新手卡
策略类游戏新手卡
新浪专栏：读名家知天下
想成为专栏作家？戳这里
强势围观！政务微博大事件！
快来看！湖南微博有大事！
最火博文 大家都在看
一大波台湾美食正在向你逼近！
[财经]股市行情查询
[财经]理财计算器
[科技]数码产品库
[视频]最热影视大片
[旅游]国内外景点查询
[育儿]育儿实用工具库
[汽车]车型查询
[女性]化妆品产品库
[星座]星座运势查询
[娱乐]影讯查询
[娱乐]电视节目表
[教育]大学院校查询
·
城市热点节庆活动
·
新浪《对话城市》
·
诚招合作伙伴
·
新企邮上线更优惠
新浪扶翼
行业专区
close
新浪简介
┊
About Sina
┊
广告服务
┊
联系我们
┊
招聘信息
┊
网站律师
┊
SINA English
┊
通行证注册
┊
产品答疑
Copyright
©
1996-2015 SINA Corporation, All Rights Reserved
新浪公司
版权所有
",2016-01-04T07:42:59.000Z,财经最新,新浪,http://finance.sina.com.cn/money/forex/datafx/2016-01-04/doc-ifxncyar6289169.shtml,http://news.baidu.com/n?cmd=4&class=finannews&tn=rss,2016-01-04 15:45:41
“捐一元”肯德基志愿者代表前往广西百色探访,原标题：“捐一元”肯德基志愿者代表前往广西百色探访   ——山沟里特别的“团圆”   广州90后女孩郭宝怡，这个冬天是第一次离开家过冬至，因为她有重要任务，在深山远处有一群孩子，更需要他们陪着孩子们...,"
新闻中心
综合
>
正文-->
新闻
图片
博客
视频
“捐一元”肯德基志愿者代表前往广西百色探访
分享
2016年01月04日15:24
山西新闻网
分享
　　原标题：“捐一元”肯德基志愿者代表前往广西百色探访
　　——山沟里特别的“团圆”
　　广州90后女孩郭宝怡，这个冬天是第一次离开家过冬至，因为她有重要任务，在深山远处有一群孩子，更需要他们陪着孩子们过一个团圆夜。她是滘口客运站肯德基餐厅经理，此行她还是“捐一元.献爱心.送营养” (下文简称捐一元)志愿者代表。
　　对于广东人来说，“冬至大过年”，这天都要赶回家团聚，来年一家人都健康和睦。而这一天，包括宝怡在内的广东肯德基十六位餐厅经理组成的捐一元志愿者，清晨7点从广州出发，历经铁路、高速公路、盘山山路，一路颠簸辗转11个小时，终于踏上了此行目的地——广西百色凌云县泗城镇览金小学。
　　因父母大多外出打工，学生多数成了留守儿童。这天，志愿者为孩子们带去了一场冬日里的篝火晚会，一起围着篝火跳兔子舞，表演童话舞台剧，挥着荧光棒大合唱，他们成为孩子们临时的“爸爸妈妈”“团圆”在一起，让孩子们在这个寒冷冬天，即使只是穿着单薄的衣服和凉鞋，但心中都充满着温暖和快乐。
　　“姐姐，我知道你们来昨晚开心得睡不着觉!”“我第一次参加篝火晚会!”“叔叔，荧光棒好像发光的筷子哈哈!”大山里的孩子，面对一切外来的事物，眼里都是新奇。孩子们虽然不太懂得冬至，但他们很渴望把这个晚上的快乐，和真正的爸爸妈妈分享。作为12岁孩子父亲的韶关火车站肯德基餐厅经理王黎明，一下子看穿孩子们的心思，为同在览金小学读书的小花三姐弟，拨通了他们外地打工的爸爸的电话，让一家五口也可以在电话上“团圆”。“我也不知道爸爸在哪里打工，好久都没听过爸爸声音，”当小花拨通电话，羞涩的她一下子兴奋，“爸爸我今天很开心，希望春节快点到!”春节是孩子们最渴望的节日，因为他们一年只和父母在春节短暂团聚，甚至是两三年才见一面。
　　“把馅埋在糯米粉里，搓成圆形，就好像爸爸妈妈抱着你们一样，吃过汤圆代表一家团团圆圆。”篝火晚会后志愿者把广东冬至吃汤圆的习俗带到了大山里，这里的孩子很多是第一次尝汤圆，更别说包汤圆。“我很想让爸爸妈妈尝尝我包的汤圆，希望今年他们早点回来。”六年级小汇像念咒语一样，小小声地把愿望“融”在汤圆里。
　　第二天上午志愿者还把肯德基故事会搬到了这里，“圣诞节是前一晚叫什么?”“圣诞老人坐着什么去派礼物?”这些城市孩子们随口都可以回答出的问题，对山区孩子们却来讲几乎陌生的事物。当捐一元志愿者扮演的“圣诞老人”现身课室，给孩子们送去圣诞礼物，说着外面的故事，孩子眼里充满着想到山外看一看的渴望。故事会后当孩子们从志愿者手中接过“捐一元”营养加餐牛奶鸡蛋，兴奋地告诉志愿者，“我喜欢吃鸡蛋，因为吃了鸡蛋我就会长高长得更壮，上课也不会饿了。”
　　据悉，“捐一元”由中国扶贫基金会联合百胜餐饮集团中国事业部共同发起，通过百胜旗下遍布全国的餐厅向社 会劝募，号召消费者捐出一元钱，帮助贫困地区的孩子每天能吃上牛奶和鸡蛋的营养餐。坚持了8年的“捐一元”，至今已为近14.5万人次的贫困山区小学生提供了近2900万份营养加餐，为500余所受助小学援建了“爱心厨房”。8年，善款累计超过1.3亿元，其中百胜及其员工捐款超过2500万元。
　　“一个人的力量虽小，但许多人的爱心汇集起来则成大爱。我们会继续将爱心活动进行下去，让更多人加入进来帮助孩子们。”这是捐一元志愿者共同的目标。
　　冬至、圣诞、元旦节日一个挨着一个，真心祝愿孩子们每一个节日都是开开心心的，在新的一年健康成长!
我要反馈
保存网页
相关阅读
微博推荐
一键关注
已关注
关注更多
聚焦
应用中心
新浪公益
新浪游戏
互动活动
热点推荐
精致女人秘诀：美人相机
汇聚热文精华：微博头条
不一样的课表：课程格子
延长电池寿命：点心省电
建造豪游艇：快来造船吧
一个人狩猎：狙击手猎鹿
同敌人战斗：萌军飞行队
兵器大对决：CS反恐精英
生活因您而变：招商银行
尽情吃喝玩乐：大众点评
惊艳的来去电：七彩来显
高逼格超低价：美团团购
去单挑魔王：蛋蛋的忧伤
成为大英雄：星猫突击队
知音联盟：权力者的游戏
魔幻旅：小小魔兽大战争
微博益起来感恩行动
2013捐一元爱心送营养
2013壹基金公益映像节
水立方中国公益平台
阿里巴巴公益广告大赛
思源方舟防灾减灾
2013爱佑慈善晚宴
佳能影像公益
贫困儿童图书漂流箱项目
福特汽车环保奖
女童权益保护全球行动
奔驰自然保护项目
佳能希望小学色彩教室
卡夫希望厨房
妇基会母亲包邮活动
微博-达人通
《九阴真经》江湖新秀礼包
《梦幻西游手游版》夏日情谊卡
《星际战甲》新浪高级特权礼包
《问道》天书奇谭至尊礼包
《新倩女幽魂》新浪特权礼包
《热血传奇》15周年专区礼包
《大话西游2》人气公测礼包
《倩女幽魂2》新浪1888元白金卡
《第三把剑》新浪特权皇钻礼包
《奇迹MU》 新浪独家礼包
《龙门虎将》新浪定制礼包
《虎豹骑》二次测试码
角色扮演类新手卡
射击类游戏新手卡
动作类游戏新手卡
策略类游戏新手卡
新浪专栏：读名家知天下
想成为专栏作家？戳这里
强势围观！政务微博大事件！
快来看！湖南微博有大事！
最火博文 大家都在看
一大波台湾美食正在向你逼近！
[财经]股市行情查询
[财经]理财计算器
[科技]数码产品库
[视频]最热影视大片
[旅游]国内外景点查询
[育儿]育儿实用工具库
[汽车]车型查询
[女性]化妆品产品库
[星座]星座运势查询
[娱乐]影讯查询
[娱乐]电视节目表
[教育]大学院校查询
·
城市热点节庆活动
·
新浪《对话城市》
·
诚招合作伙伴
·
新企邮上线更优惠
新浪扶翼
行业专区
观察者网
为什么日本只向韩国道歉？
如果日本真正能反省自己的历史罪责，在现实中就不用再那样左右算计，不用去谋划今天可以向谁道歉，不可以向谁道歉，可以坦坦荡荡地向二战中亚洲所有的受害国道歉，向所有的亚洲人道歉。
公方彬
想实现民族复兴不能垄断思想
网络时代，没有哪个人或组织可以垄断思想。明知不能为而为之，到头来只能化作笑柄。这就意味着，在思想领域，要么主动作为，要么被动应付，但结果大相径庭。
刘著民
代课老师的情怀值几斤几两？
宋玉兰的境遇，让人感到唏嘘。我们国家有钱搞巨大形象工程，我就不相信就我们国家没有把代课老师每月150元提升到1500元的能力。光说不练假把式，衡量一个国家的情怀和品格，要看她对国民，特别是一些弱势群体的态度。
牛弹琴
西部母亲河建4个三峡电站？
金沙江已经梯度开发，我们感谢上天对中国人的眷顾，但我们还是应该有所敬畏。中国西部唯一一条还自由奔流的江河——怒江，还是希望它能自由奔流，放过它吧，它的环境更脆弱，我们总有其他办法弥补这些电力，让我们子孙还能看到一条大河自由咆哮奔流……
澳洲尸花开放 几十年难见引游客忍臭竞相观赏
央视关注毒保姆：嫌疑人注射毒药未果勒死老人
辽宁号航母机库画面曝光：舰载机出入
浙江现1.69米长黄唇鱼 身价达上百万元
美国女博主：华人移民不自律则受歧视
北邮研究生跳楼的致命杀手是什么
《红楼梦》中秦可卿原型为吴三桂孙女
为什么会说毛姆是一个“二流作家”？
《我是歌手4》靠什么延续“现象级”
卡玛：女人最不能犯的错误是什么
澳大利亚摇篮山感受世外桃源中的桃源
close
新浪简介
┊
About Sina
┊
广告服务
┊
联系我们
┊
招聘信息
┊
网站律师
┊
SINA English
┊
通行证注册
┊
产品答疑
Copyright
©
1996-2016 SINA Corporation, All Rights Reserved
新浪公司
版权所有
",2016-01-04T07:42:59.000Z,财经最新,新浪,http://news.sina.com.cn/o/2016-01-04/doc-ifxncyar6289259.shtml,http://news.baidu.com/n?cmd=4&class=finannews&tn=rss,2016-01-04 15:45:41
兴业投资：2016年01月04日黄金日评,黄金   上周四是2015年最后一个交易日，国际现货黄金在清淡交投中微幅走低，盘中一度下探至1060美元/盎司下方，但美国上周初请失业金人数及12月芝加哥采购经理人指数表现不佳提供支持，推动金价收复...,"
新浪财经
会议讲座
>
2015中国国际石油化工大会
>
正文
-->
外汇
>
正文-->
&gt;
正文
行情
股吧
新闻
外汇
兴业投资：2016年01月04日黄金日评
2016年01月04日15:23
FX168
分享
添加喜爱
打印
增大字体
减小字体
视频加载中，请稍候...
自动播放
play
中国将继续放宽外资准入
向前
向后
-->
　　黄金
　　上周四是2015年最后一个交易日，国际现货黄金在清淡交投中微幅走低，盘中一度下探至1060美元/盎司下方，但美国上周初请失业金人数及12月芝加哥采购经理人指数表现不佳提供支持，推动金价收复大部分跌幅，至1060美元附近偏弱整理。回顾刚刚过去的2015年，国际现货金价在美联储加息预期打压下下跌超10%；展望2016年，美联储至少加息两次的预期仍存，短期内黄金还难言筑底。日内欧美各国从假期中回归，消息面逐渐繁多起来，投资者可关注美国12月Markit制造业PMI终值/ISM制造业指数、11月营建支出及美联储官员威廉姆斯和费希尔等的讲话，将引领2016年首个交易日行情，并为周五美国非农预热。
　　技术面，日图维持1060上方偏弱震荡，反弹动能缺乏，上方20/50日均线打压明显。
　　关键阻力：1068/1073/1080
　　关键支持：1058/1052/1046
　　今日建议：
　　小时图在1058一线寻得支持震荡反弹，但上方MA100等多重均线打压明显，反弹空间料有限；4小时图维持低位窄幅整理，此前跌势有所放缓，但整体依旧承压。日内操作上建议1068一线轻仓做空，止损设于1073，目标看向1058，进一步1052，激进者在低位在跌至低位后寻求轻仓做多机会，紧设止损。
　　白银
　　上周四由于多个国家因新年假期休市，市场流动性稀缺，国际现货白银基本维持在13.75-13.95美元/盎司区间内窄幅震荡，略微收低。从技术上来看，近期白银虽然在14美元下方震荡，但始终未能再创新低，表明空头在上周初发力之后已经有些力不从心。日内关注美国方面数据。
　　技术面，日图维持14.0下方弱势震荡，自上月初开始的整理三角形逐渐收窄，短线关注其突破情况。
　　关键阻力：13.95/14.05/14.15
　　关键支持：13.75/13.65/13.50
　　今日建议：
　　小时图在13.80寻得支持微幅走高，但上方受13.95附近阻力压制；4小时图在13.85一线陷入横盘整理，短线方向缺乏。日内银价或维持13.75-14.0区间内波动，操作上建议暂时观望，激进者在区间内高抛低吸为主，紧设止损，上下突破后跟进。
　　铜
　　受美元反弹打压，上周四铜承压走低，但美国方面经济数据表现不佳限制了其跌幅。2015年全年，受供应过剩及中国需求疲软、美元走强因素等影响，铜下跌近四分之一，创2008年以来最大年度跌幅。尽管矿商削减产量及中国几轮刺激举措，但这能否足以结束铜价跌势尚有待于观察，2016年铜走势仍难言乐观。周一亚市早盘，中国公布的12月财新制造业PMI自48.6大幅回落至48.2，显示中国经济下行压力加大，制造业增长前景仍未有明显改善迹象。日内关注美国方面经济数据。
　　技术面，日图铜价在2.15下方受阻回落，目前正测试100日均线支持，有效跌破后恐进一步走低。
　　关键阻力：2.115/2.130/2.150
　　关键支持：2.080/2.060/2.050
　　今日建议：
　　小时图自上周高点2.15下方大幅跳水，整体走势转弱；4小时图正测试短期上行三角形下轨支持，倾向下破，短线恐进一步下行。日内操作上建议2.115一线做空，止损设于2.130，目标看向2.080，进一步2.060。
　　兴业投资
　　2016-01-04
进入
【新浪财经股吧】
讨论
我要反馈
保存网页
分享
添加喜爱
打印
增大字体
减小字体
新浪理财师推荐
观摩专业理财师操盘 跟买跟卖赚大钱&gt;&gt;
更多理财师
相关阅读
聚焦
应用中心
新浪公益
新浪游戏
互动活动
热点推荐
一生良师益友：海词词典
保护隐私与安全：应用锁
股民的第一选择：同花顺
定位家人的位置：跟屁虫
私人大游艇：快来造船吧
一个人狩猎：狙击手猎鹿
和敌人战斗：萌军飞行队
恐怖的对决：CS反恐精英
路程全掌握：凯立德导航
高清图片分享：奇思壁纸
捕捉精彩瞬间：特效相机
有热度有态度：人民日报
飞越天际：飞天滑板高手
等你征服：叛乱武士之战
魔幻旅：小小魔兽大战争
斗魂：超合体魔术机器人
微博益起来感恩行动
2013捐一元爱心送营养
2013壹基金公益映像节
水立方中国公益平台
阿里巴巴公益广告大赛
思源方舟防灾减灾
2013爱佑慈善晚宴
佳能影像公益
贫困儿童图书漂流箱项目
福特汽车环保奖
女童权益保护全球行动
奔驰自然保护项目
佳能希望小学色彩教室
卡夫希望厨房
妇基会母亲包邮活动
微博-达人通
《九阴真经》唯我独尊礼包
《梦幻西游手游版》夏日情谊卡
《星际战甲》新浪高级特权礼包
《问道》天书奇谭至尊礼包
《新倩女幽魂》新浪特权礼包
《热血传奇》15周年专区礼包
《大话西游2》人气公测礼包
《倩女幽魂2》新浪1888元白金卡
《第三把剑》新浪特权皇钻礼包
《奇迹MU》 新浪独家礼包
《龙门虎将》新浪定制礼包
《虎豹骑》二次测试码
角色扮演类新手卡
射击类游戏新手卡
动作类游戏新手卡
策略类游戏新手卡
新浪专栏：读名家知天下
想成为专栏作家？戳这里
强势围观！政务微博大事件！
快来看！湖南微博有大事！
最火博文 大家都在看
一大波台湾美食正在向你逼近！
[财经]股市行情查询
[财经]理财计算器
[科技]数码产品库
[视频]最热影视大片
[旅游]国内外景点查询
[育儿]育儿实用工具库
[汽车]车型查询
[女性]化妆品产品库
[星座]星座运势查询
[娱乐]影讯查询
[娱乐]电视节目表
[教育]大学院校查询
·
城市热点节庆活动
·
新浪《对话城市》
·
诚招合作伙伴
·
新企邮上线更优惠
新浪扶翼
行业专区
close
新浪简介
┊
About Sina
┊
广告服务
┊
联系我们
┊
招聘信息
┊
网站律师
┊
SINA English
┊
通行证注册
┊
产品答疑
Copyright
©
1996-2015 SINA Corporation, All Rights Reserved
新浪公司
版权所有
",2016-01-04T07:42:59.000Z,财经最新,新浪,http://finance.sina.com.cn/money/forex/datafx/2016-01-04/doc-ifxneept3658695.shtml,http://news.baidu.com/n?cmd=4&class=finannews&tn=rss,2016-01-04 15:45:42
熔断机制首日暴跌导致提前收盘 10大利空元凶曝光！,香港万得通讯社报道，2016年首个交易日两市暴跌，沪深300指数在午后13点13分跌幅扩大至5%，触发熔断机制，个股全面暂停交易。两市在13点28分恢复交易后再度下探，沪深300指数跌幅扩大至7%，...,"
熔断机制首日暴跌导致提前收盘 10大利空元凶曝光！
正文
财经网微评论（
0
人评论）
本文来源于
Wind资讯
　
2016-01-04 15:22:00
我要评论（
0
）
打印
|
字号：
香港万得通讯社报道，2016年首个交易日两市暴跌，沪深300指数在午后13点13分跌幅扩大至5%，触发熔断机制，个股全面暂停交易。两市在13点28分恢复交易后再度下探，沪深300指数跌幅扩大至7%，触发全天熔断，两市将暂停交易至收市。对于市场的大幅下跌，Wind资讯整理了当前市场上的10大利空消息，以供参考。
1、限售令到期
2015年7月8日，中国证监会发布公告，从即日起6个月内，A股大股东及高管不得减持股份。而1月8日限售令就将到期，市场面临巨大抛售压力。
2、IPO空档期至抛售持仓市值
去年最后一批28只新股已经发行完毕，而新版本的发行实施细则却未出炉，这意味着新股发行将一段时间的“空档期”。对于原有打新账户而言，在细则未明朗之前，或减持原来持仓市值。且当前市场仍处高位，也加大了抛售动能。
3、人民币贬值或引发资金外流担忧
人民币兑美元即期周一(1月4日)早盘随中间价大跌，并双双创逾四年半新低。交易员称，新年首日中间价即跌破6.5元关口，表明央行认可下跌趋势；客盘购汇需求仍旺盛，成交亦放量，短期贬值趋势料延续。人民币近期大幅下跌或引发资金外流的担忧。
4、中国12月财新制造业PMI低迷
周一(1月4日)Markit公司公布数据显示，中国12月财新制造业采购经理人指数(PMI)终值不及预期，引发市场对中国经济增长新的忧虑，并拉低亚洲市场。具体数据显示，中国12月财新制造业PMI终值48.2，预期48.9，前值48.6。该指数用于衡量中国中小制造业企业的发展现状。
5、资金面或面临压力
元旦假期传出大银行跨年度结算中出现资金缺口，央行大额清算系统延迟关闭，年前市场对于资金面过度乐观的判断或许面临修正风险。
6、险资入市资金或撤出
万宝之争效应继续发酵扩散，尤其是监管层对保险举牌资金来源和杠杆的关注言论，使得投资人担心险资入市资金可能存在回撤风险。
7、公募调仓引发市场波动
年末排名考核过前后，公募基金为代表的机构者调整持仓结构引发的波动。
8、高估值板块个股的自我修正
2016年将是注册制推出元年，这必将大大冲击估值高企的创业板及中小板个股，那些近期涨幅较大的题材股，若资金退出也将带来跟风效应。
9、国家队退出
自10月份上涨以来，国家队退出传言时有传出，考虑到国家队体量巨大，即使未来有序退出，对市场的压力也是显而易见。
10、存量资金博弈面临考验
从前段时间市场大幅拉升的情况来看，均伴随着融资融券余额的大幅攀升，而近几日融资融券余额快速回落，存量资金做多意愿不强，因此市场也面临着较大调整压力。
(编辑：xunannan)
关键字：
利空
元凶
机制
 
-->
分享到：
相关阅读
平安证券：实行熔断机制可能会造成市场流动性不足
A股熔断机制今日正式生效
邓峰：网约车可建立行业自律与协会监管机制
证监会：完善新股发行现有报价剔除机制 剔除比例可少于10%
发改委就油价机制征求意见：讨论是否设置地板价
发改委:就完善成品油价格机制再次征求各方意见
熔断机制明年实施 基金公司调整基金开放时间规则
公募基金千帆相竞中的公司治理机制优化与创新
两次调价以暂缓告终 成品油新定价机制“在路上”
俄能源部长指责沙特增产石油是导致油价下跌元凶
",2016-01-04T07:42:59.000Z,财经最新,财经网,http://stock.caijing.com.cn/20160104/4046336.shtml,http://news.baidu.com/n?cmd=4&class=finannews&tn=rss,2016-01-04 15:45:42
ACY稀万国际：油价低位徘徊，欧股下跌，镑美年底..,上周四（12月31日），英镑/美元下跌80个点，跌幅为1%，至1.47374，为第四个交易日连跌，处于2015年5月份以来的新低，目前仍然处于下降通道中，如图一。镑美的持续走跌主要是因为油价的低迷，...,"
新浪财经
会议讲座
>
2015中国国际石油化工大会
>
正文
-->
外汇
>
正文-->
&gt;
正文
行情
股吧
新闻
外汇
ACY稀万国际：油价低位徘徊，欧股下跌，镑美年底收跌1%
2016年01月04日15:22
FX168
分享
添加喜爱
打印
增大字体
减小字体
视频加载中，请稍候...
自动播放
play
中国将继续放宽外资准入
向前
向后
-->
　　上周四（12月31日），英镑/美元下跌80个点，跌幅为1%，至1.47374，为第四个交易日连跌，处于2015年5月份以来的新低，目前仍然处于下降通道中，如图一。镑美的持续走跌主要是因为油价的低迷，年底欧洲股票市场集体下跌和脱欧气氛的影响。
　　ACY稀万国际
　　2016-1-4
进入
【新浪财经股吧】
讨论
我要反馈
保存网页
分享
添加喜爱
打印
增大字体
减小字体
新浪理财师推荐
观摩专业理财师操盘 跟买跟卖赚大钱&gt;&gt;
更多理财师
相关阅读
聚焦
应用中心
新浪公益
新浪游戏
互动活动
热点推荐
一生良师益友：海词词典
保护隐私与安全：应用锁
股民的第一选择：同花顺
定位家人的位置：跟屁虫
私人大游艇：快来造船吧
一个人狩猎：狙击手猎鹿
和敌人战斗：萌军飞行队
恐怖的对决：CS反恐精英
路程全掌握：凯立德导航
高清图片分享：奇思壁纸
捕捉精彩瞬间：特效相机
有热度有态度：人民日报
飞越天际：飞天滑板高手
等你征服：叛乱武士之战
魔幻旅：小小魔兽大战争
斗魂：超合体魔术机器人
微博益起来感恩行动
2013捐一元爱心送营养
2013壹基金公益映像节
水立方中国公益平台
阿里巴巴公益广告大赛
思源方舟防灾减灾
2013爱佑慈善晚宴
佳能影像公益
贫困儿童图书漂流箱项目
福特汽车环保奖
女童权益保护全球行动
奔驰自然保护项目
佳能希望小学色彩教室
卡夫希望厨房
妇基会母亲包邮活动
微博-达人通
《九阴真经》唯我独尊礼包
《梦幻西游手游版》夏日情谊卡
《星际战甲》新浪高级特权礼包
《问道》天书奇谭至尊礼包
《新倩女幽魂》新浪特权礼包
《热血传奇》15周年专区礼包
《大话西游2》人气公测礼包
《倩女幽魂2》新浪1888元白金卡
《第三把剑》新浪特权皇钻礼包
《奇迹MU》 新浪独家礼包
《龙门虎将》新浪定制礼包
《虎豹骑》二次测试码
角色扮演类新手卡
射击类游戏新手卡
动作类游戏新手卡
策略类游戏新手卡
新浪专栏：读名家知天下
想成为专栏作家？戳这里
强势围观！政务微博大事件！
快来看！湖南微博有大事！
最火博文 大家都在看
一大波台湾美食正在向你逼近！
[财经]股市行情查询
[财经]理财计算器
[科技]数码产品库
[视频]最热影视大片
[旅游]国内外景点查询
[育儿]育儿实用工具库
[汽车]车型查询
[女性]化妆品产品库
[星座]星座运势查询
[娱乐]影讯查询
[娱乐]电视节目表
[教育]大学院校查询
·
城市热点节庆活动
·
新浪《对话城市》
·
诚招合作伙伴
·
新企邮上线更优惠
新浪扶翼
行业专区
close
新浪简介
┊
About Sina
┊
广告服务
┊
联系我们
┊
招聘信息
┊
网站律师
┊
SINA English
┊
通行证注册
┊
产品答疑
Copyright
©
1996-2015 SINA Corporation, All Rights Reserved
新浪公司
版权所有
",2016-01-04T07:42:59.000Z,财经最新,新浪,http://finance.sina.com.cn/money/forex/datafx/2016-01-04/doc-ifxneept3658616.shtml,http://news.baidu.com/n?cmd=4&class=finannews&tn=rss,2016-01-04 15:45:42
2016看世界 | 国际金价路在何方？,"



去年年末美联储宣布加息，尽管投资者此前已有预期，这一决定公布后国际黄金市场电子盘交易仍作出较为强烈的回应。2015年国际金价连续第三年收跌。展望2016年，国际金价是否会迎来利空出尽的触底反弹行情？...","
2016看世界 | 国际金价路在何方？
2016年01月04日 15:22:04
| 来源：新华国际
　　去年年末美联储宣布加息，尽管投资者此前已有预期，这一决定公布后国际黄金市场电子盘交易仍作出较为强烈的回应。2015年国际金价连续第三年收跌。展望2016年，国际金价是否会迎来利空出尽的触底反弹行情？对此，业内人士并不乐观。
　　以大宗商品交易见长的高盛集团预计，未来12个月金价将在1000美元／盎司的水平运行。低通胀以及美国步入加息通道是其看跌金价的主要考量。曾准确预测2013年金价暴跌的高盛集团杰弗里·柯里表示，对金价来说，最糟糕的时刻还在后面。他认为金价会跌破1000美元重要心理关口，而且会在低位运行相当长的时间。
　　持相似观点的还有花旗、JP摩根、兴业以及荷兰银行等众多国际著名投资银行，他们大都认为，2016年一季度金价将跌破1000美元，而全年均价也会比2015年进一步走低，荷兰银行甚至判断2016年四季度金价可能低至800美元的水平。当然以汇丰银行为代表的一些机构持不同看法，他们预期2016年金价会触底反弹，但汇丰的分析师也认为金价在反弹前可能会跌破1000美元大关。
　　从影响黄金市场运行的诸多要素来看，2015年左右金价走势的主要因素依次是美、欧货币政策的变化及预期带来的美元大幅升值；全球性低通胀；世界经济增长放缓导致黄金实物需求不振；地缘政治风险事件频发等。显然前两个因素是造成金价屡创近六年新低的决定性原因。
　　展望2016年，上述因素中除了美国加息进程对美元的影响外，其他部分相比2015年不太可能发生明显的变化。也就是说，从基本面分析未来一年金价下行的压力仍会大于其上涨的动力。
  
1
2
3
下一页
  
  
1
2
3
下一页
  
【纠错】
[责任编辑: 成岚]
",2016-01-04T07:42:59.000Z,财经最新,新华网,http://news.xinhuanet.com/photo/2016-01/04/c_128593860.htm,http://news.baidu.com/n?cmd=4&class=finannews&tn=rss,2016-01-04 15:45:42
A股触发熔断超三百股跌停 多机构提示风险中金建..,香港万得通讯社报道，周一（1月4日），2016年首个交易日，A股盘中重挫，午后跌幅达到5%，触发熔断。盘面上，共有超过八百股跌幅超过9%，超过三百只非ST个股跌停。概念板块中，生物识别、去IOE、创...,"
A股触发熔断超三百股跌停 多机构提示风险中金建议坚守价值
正文
财经网微评论（
0
人评论）
本文来源于
Wind资讯
　
2016-01-04 15:21:24
我要评论（
0
）
打印
|
字号：
香港万得通讯社报道，周一（1月4日），2016年首个交易日，A股盘中重挫，午后跌幅达到5%，触发熔断。盘面上，共有超过八百股跌幅超过9%，超过三百只非ST个股跌停。概念板块中，生物识别、去IOE、创投、大数据、智能穿戴、智慧医疗、合同能源管理、次新股、网络安全、移动支付、锂电池、互联网金融、燃料电池、移动转售指数均重挫逾8%。
中金公司
1月4日发布A股策略报告称，在过去几个月A股已经明显反弹、当前正负面因素均具备的背景下，2016年开局市场涨跌可能比较纠结，操作上以稳为主、关注增量资金（保险、银行理财与散户资金）及政策预期，坚守价值之外关注农业、高送转、国企改革、新能源与环保、地产产业链等主题性机会。另外，总结回顾了刚刚过去的2015年的主要变化，这一年的A股创造了多个历史，注定在未来常被提及和研究，并在较长时间内影响大陆市场的监管及投资者行为。
国金证券
1月4日发布A股策略周报称，A股市场自去年9月下旬探底企稳回升至今，上证综指上涨14%，中小板上涨27%、创业板指上涨37%，诸多的政策利好因素持续释放是支撑市场上行的主要因素。站在当前时点认为，今年一月份市场环境有所不同的是减持禁令到期在即，甄待政策及时对冲，而且市场预期的新股发行1月份处于真空期的假设被证伪，由此，预计2016年1月份A股市场的波动会加大，个股分化会更加明显，建议回避前期涨幅过高的个股。报告表示，2016年是中美文化的旅游年，迪斯尼作为中美文化旅游的重要结晶，理应受到投资者的关注，另外，迪尼斯是“消费升级”、“亲子旅游”风口下的稀缺性主题，迪士尼确定性强，2016年开园是确定性事件，可以预期的是2016年上半年仍有多个催化事件，适合提前布局；站在当前时点，不排除迪尼斯相关主办方在2016年1月份召开2016年迪尼斯新闻发布会，就迪斯尼开园时间有进一步的明确，只要迪斯尼开园时间明确，预计相关受益板块会受到资金的青睐。
西南证券
1月4日发布A股策略报告称，跨年调整尚未结束，静待时机。目前来看，跨年调整的逻辑依然成立：1、主题轮动后新热点缺乏，若无较充分调整，市场缺乏持续向上的动力；2、一月开始面临着大量解禁股上市，虽将等待管理层具体规定，但是解禁是大概率事件；3、从预期上看，此前市场对于“春季行情”、“跨年行情”的一致预期较为强烈，造成了“一致预期的盲区”；4、各个基金在2015年末的排名竞争结束后，主要机构面临调仓换股的需求，仓位调整将导致市场调整；5、国家队资金从整体格局考虑，并不会马上入市干预。建议控制仓位，静待时机；关注流通盘小、大股东占比高、存在高送转预期的次新股，有可能走出独立行情。
2016年1月1日起，A股将正式实施指数熔断机制。根据上证所、深交所、中金所此前发布的指数熔断机制相关规定，将有5%和7%两档熔断阈值、涨跌双向熔断。同一涨跌方向上再次达到或超过5%但尚未达到或超过7%时，不再触发指数熔断。除了尾盘，5%的指数熔断在一个交易日内可触发两次。
(编辑：xunannan)
关键字：
跌停
中金
提示
风险
价值
 
-->
分享到：
相关阅读
亲加通讯云：视频直播的应用价值在于互动
期指集体暴跌：IC一度跌停 IF半日跌4.13%
小马金融：IPC微贷技术能有效控制风险
快讯：触发新规 中证500期指盘中跌停
双塔食品复牌跌停 终止筹划重大资产重组
揭秘姚振华：秘书买价值7000元皮鞋被其痛骂
深交所理事长：强化风险防控 推进资本市场改革
上市第二日 招商蛇口又被砸至跌停
招商蛇口挂牌首日 跌停起伏中去地产化重组之路
从制造业向服务业转型 或为2016年中国经济带来五大风险
",2016-01-04T07:42:59.000Z,财经最新,财经网,http://stock.caijing.com.cn/20160104/4046334.shtml,http://news.baidu.com/n?cmd=4&class=finannews&tn=rss,2016-01-04 15:45:43
李克强考察太原钢铁：好产能要优胜劣汰,【李克强：好钢要千锤百炼，好产能要优胜劣汰】李克强总理4日考察太原钢铁集团。太钢集团是全球最大的不锈钢企业，目前遇到很大下行压力。总理鼓励在场职工： “太钢以不锈钢闻名，相信你们能把困难扛过去！好钢...,"
新浪财经
会议讲座
>
2015中国国际石油化工大会
>
正文
-->
产经
>
正文-->
&gt;
正文
行情
股吧
新闻
外汇
李克强考察太原钢铁：好产能要优胜劣汰
2016年01月04日15:21
新华网
分享
添加喜爱
打印
增大字体
减小字体
视频加载中，请稍候...
自动播放
play
中国将继续放宽外资准入
向前
向后
-->
　　【李克强：好钢要千锤百炼，好产能要优胜劣汰】李克强总理4日考察太原钢铁集团。太钢集团是全球最大的不锈钢企业，目前遇到很大下行压力。总理鼓励在场职工： “太钢以不锈钢闻名，相信你们能把困难扛过去！好钢要千锤百炼，好产能要优胜劣汰。希望你们用‘不锈’精神和智慧，浴火重生，重振雄风！”
　　【李克强鼓励山西要开掘好两座“富矿”】李克强总理4日在山西太原考察晋商博物馆时说，山西有两座富“矿”：有形的是得天独厚的地下煤层，无形的是行走天下的晋商精神。山西当前尤其要从过度依赖自然资源，转向更多依赖人力资源，既要开掘煤炭资源，又要挖掘好晋商精神这座取之不竭、用之不尽的富矿。
　　【李克强：晋商精神是华商精神的精髓】李克强总理4日在山西太原考察晋商博物馆时说，晋商精神讲究行大道、重仁义，这样才能有更多朋友、顾客，生意才能越做越大。晋商不仅讲“钱”，更重“义”，不仅创造物质财富，更有精神财富作为支撑。诚信进取的晋商精神是山西人的品德，也是华商精神的精髓。
　　【李克强在棚户区对随行部长动情地说：中国要做的事还多着呢！】李克强总理4日在太原市小北关棚户区考察。从78岁老太太李反玉家低矮破败的平房出来后，当听说太原还有80多片这样的棚户区，李克强站在狭窄巷道对随行部长动情地说：“你们看见了吧？
老百姓
还住在这样的环境里，中国要做的事还多着呢！”
　　【李克强对棚户区居民处境感同身受：我自己就是在棚户区成长起来的】李克强总理4日在太原市小北关棚户区考察。他对这里的居民说：“我自己就是在棚户区成长起来的，深知你们的艰辛。”该片区830户，仅一个水龙头，一个公厕，没有暖气和下水道。临别时李克强对居民们说：一定要尽快让你们住上新楼房！
进入
【新浪财经股吧】
讨论
责任编辑：刘金磊 SF113
文章关键词：
李克强
钢铁
太原钢铁集团
我要反馈
保存网页
分享
添加喜爱
打印
增大字体
减小字体
新浪理财师推荐
观摩专业理财师操盘 跟买跟卖赚大钱&gt;&gt;
更多理财师
相关阅读
聚焦
应用中心
新浪公益
新浪游戏
互动活动
热点推荐
一生良师益友：海词词典
保护隐私与安全：应用锁
股民的第一选择：同花顺
定位家人的位置：跟屁虫
私人大游艇：快来造船吧
一个人狩猎：狙击手猎鹿
和敌人战斗：萌军飞行队
恐怖的对决：CS反恐精英
路程全掌握：凯立德导航
高清图片分享：奇思壁纸
捕捉精彩瞬间：特效相机
有热度有态度：人民日报
飞越天际：飞天滑板高手
等你征服：叛乱武士之战
魔幻旅：小小魔兽大战争
斗魂：超合体魔术机器人
微博益起来感恩行动
2013捐一元爱心送营养
2013壹基金公益映像节
水立方中国公益平台
阿里巴巴公益广告大赛
思源方舟防灾减灾
2013爱佑慈善晚宴
佳能影像公益
贫困儿童图书漂流箱项目
福特汽车环保奖
女童权益保护全球行动
奔驰自然保护项目
佳能希望小学色彩教室
卡夫希望厨房
妇基会母亲包邮活动
微博-达人通
《九阴真经》唯我独尊礼包
《梦幻西游手游版》夏日情谊卡
《星际战甲》新浪高级特权礼包
《问道》天书奇谭至尊礼包
《新倩女幽魂》新浪特权礼包
《热血传奇》15周年专区礼包
《大话西游2》人气公测礼包
《倩女幽魂2》新浪1888元白金卡
《第三把剑》新浪特权皇钻礼包
《奇迹MU》 新浪独家礼包
《龙门虎将》新浪定制礼包
《虎豹骑》二次测试码
角色扮演类新手卡
射击类游戏新手卡
动作类游戏新手卡
策略类游戏新手卡
新浪专栏：读名家知天下
想成为专栏作家？戳这里
强势围观！政务微博大事件！
快来看！湖南微博有大事！
最火博文 大家都在看
一大波台湾美食正在向你逼近！
[财经]股市行情查询
[财经]理财计算器
[科技]数码产品库
[视频]最热影视大片
[旅游]国内外景点查询
[育儿]育儿实用工具库
[汽车]车型查询
[女性]化妆品产品库
[星座]星座运势查询
[娱乐]影讯查询
[娱乐]电视节目表
[教育]大学院校查询
·
城市热点节庆活动
·
新浪《对话城市》
·
诚招合作伙伴
·
新企邮上线更优惠
新浪扶翼
行业专区
close
新浪简介
┊
About Sina
┊
广告服务
┊
联系我们
┊
招聘信息
┊
网站律师
┊
SINA English
┊
通行证注册
┊
产品答疑
Copyright
©
1996-2015 SINA Corporation, All Rights Reserved
新浪公司
版权所有
",2016-01-04T07:42:59.000Z,财经最新,新浪,http://finance.sina.com.cn/chanjing/2016-01-04/doc-ifxncyar6289026.shtml,http://news.baidu.com/n?cmd=4&class=finannews&tn=rss,2016-01-04 15:45:43
周一期指触发熔断提前收盘 主力合约新年“开门黑”,香港万得通讯社报道，周一（1月4日），期指触发熔断提前收盘，主力合约均创交易以来最大跌幅， IC品种有三合约跌停。  截至收盘，三大主力合约IF1601、IH1601和IC1601分别跌6.75%，...,"
周一期指触发熔断提前收盘 主力合约新年“开门黑”
正文
财经网微评论（
0
人评论）
本文来源于
Wind资讯
　
2016-01-04 15:20:06
我要评论（
0
）
打印
|
字号：
香港万得通讯社报道，周一（1月4日），期指触发熔断提前收盘，主力合约均创交易以来最大跌幅， IC品种有三合约跌停。
截至收盘，三大主力合约IF1601、IH1601和IC1601分别跌6.75%，6.22%，和7%。
股指期货与股票市场的熔断机制都将以沪深300指数作为熔断的基准指数，并设置5%、7%两档指数熔断阈值，涨跌都会熔断。在基准指数触发5%熔断阈值时，暂停交易12分钟，熔断结束前进行3分钟集合竞价，之后继续当日交易；而在14:45及之后触发5%熔断阈值，以及全天任何时段触发7%熔断阈值的，将暂停交易至收市。
(编辑：xunannan)
关键字：
合约
主力
 
-->
分享到：
相关阅读
50城楼市库存3.7亿平米 任志强:让农民工成买房主力不靠谱
量子通信一夜成名 券商密集唱多前主力早已潜伏
网贷行业初现主力 加速洗牌阶段草根投资占优
富力前11月合约销售452亿元 拟回A募资350亿元
公募现史上最大离职潮：近300人离职 3年以下新人成主力
俄罗斯将与北约签署合约 防止空中事故再发生
50ETF期权合约持仓量5个月增长一倍多
外媒：中国原油期货合约可能推迟至明年推出
外媒：中国原油期货合约可能推迟至明年推出
妖星特力A再度涨停 主力无视证监会处罚
",2016-01-04T07:42:59.000Z,财经最新,财经网,http://stock.caijing.com.cn/20160104/4046329.shtml,http://news.baidu.com/n?cmd=4&class=finannews&tn=rss,2016-01-04 15:45:43
新加坡四季度意外增长强势但难改2015总体萧条格局,"



汇通网1月4日讯——根据周一(1月4日)发布的数据，新加坡经济在2015年最后三个月录得按照年率计算高达5.7%的季度惊人增长，但全年而言也只是温和的2.1%。   这个城市国家所显示的第四季度GD...","
新浪财经
会议讲座
>
2015中国国际石油化工大会
>
正文
-->
外汇
>
正文-->
&gt;
正文
行情
股吧
新闻
外汇
新加坡四季度意外增长强势但难改2015总体萧条格局
2016年01月04日15:20
汇通网
分享
添加喜爱
打印
增大字体
减小字体
视频加载中，请稍候...
自动播放
play
中国将继续放宽外资准入
向前
向后
-->
　　
汇通网1月4日讯——
根据周一(1月4日)发布的数据，新加坡经济在2015年最后三个月录得按照年率计算高达5.7%的季度惊人增长，但全年而言也只是温和的2.1%。
　　这个城市国家所显示的第四季度GDP数据为同比增长2%，远胜于外媒调查中评估的1.3%。而按季度算5.7%的增长更是打败了1.7%的业内普遍预计。受意料之外的有力季度增长数字影响，坡元兑美元一度走强，但随即又下跌。
　　但尽管四季度GDP向好，新加坡2015年2.1%的增长仍是自2009年以来所录得的最疲弱的扩张。当时，受全球经济危机的经济增长只有微量的0.6%。而2015年全年的增长数字较2014年的2.9%也明显逊色。
　　第四季度按年收缩6%的制造业拖累了新加坡的经济，超过了前一季度5.9%的收缩率。但服务业则较2014年同期扩张了3.2%，建筑业也增长了2.2%。
　　一份来自星展银行分析师报告的解释是，服务业占新加坡经济的大约三分之二，因此其好表现可支撑整个国家的经济。
　　星展银行报告称：“众所周知，服务业这块是新加坡经济的增长的缓冲，以及稳定的引擎。展望未来，服务业的表现将继续受到现时国内人力资源危机以及制造业版块衰落的影响。”
　　星展银行方面还补充道，新加坡的制造业在2016年会面临着更多逆境。
　　报告表示：“外部竞争、商业成本上涨以及疲弱的外部需求，这些都是制造业版块过去几年面临的挑战。而根据外部环境的条件判断，对于未来的观点依然是不太确定的”。
　　星展银行预计，接下来两到三个季度新加坡的经济前景依然是不温不火。而2016下半年则可望得到改善，并实现整体GDP按年2.1的增长目标。
进入
【新浪财经股吧】
讨论
我要反馈
保存网页
分享
添加喜爱
打印
增大字体
减小字体
新浪理财师推荐
观摩专业理财师操盘 跟买跟卖赚大钱&gt;&gt;
更多理财师
相关阅读
聚焦
应用中心
新浪公益
新浪游戏
互动活动
热点推荐
一生良师益友：海词词典
保护隐私与安全：应用锁
股民的第一选择：同花顺
定位家人的位置：跟屁虫
私人大游艇：快来造船吧
一个人狩猎：狙击手猎鹿
和敌人战斗：萌军飞行队
恐怖的对决：CS反恐精英
路程全掌握：凯立德导航
高清图片分享：奇思壁纸
捕捉精彩瞬间：特效相机
有热度有态度：人民日报
飞越天际：飞天滑板高手
等你征服：叛乱武士之战
魔幻旅：小小魔兽大战争
斗魂：超合体魔术机器人
微博益起来感恩行动
2013捐一元爱心送营养
2013壹基金公益映像节
水立方中国公益平台
阿里巴巴公益广告大赛
思源方舟防灾减灾
2013爱佑慈善晚宴
佳能影像公益
贫困儿童图书漂流箱项目
福特汽车环保奖
女童权益保护全球行动
奔驰自然保护项目
佳能希望小学色彩教室
卡夫希望厨房
妇基会母亲包邮活动
微博-达人通
《九阴真经》唯我独尊礼包
《梦幻西游手游版》夏日情谊卡
《星际战甲》新浪高级特权礼包
《问道》天书奇谭至尊礼包
《新倩女幽魂》新浪特权礼包
《热血传奇》15周年专区礼包
《大话西游2》人气公测礼包
《倩女幽魂2》新浪1888元白金卡
《第三把剑》新浪特权皇钻礼包
《奇迹MU》 新浪独家礼包
《龙门虎将》新浪定制礼包
《虎豹骑》二次测试码
角色扮演类新手卡
射击类游戏新手卡
动作类游戏新手卡
策略类游戏新手卡
新浪专栏：读名家知天下
想成为专栏作家？戳这里
强势围观！政务微博大事件！
快来看！湖南微博有大事！
最火博文 大家都在看
一大波台湾美食正在向你逼近！
[财经]股市行情查询
[财经]理财计算器
[科技]数码产品库
[视频]最热影视大片
[旅游]国内外景点查询
[育儿]育儿实用工具库
[汽车]车型查询
[女性]化妆品产品库
[星座]星座运势查询
[娱乐]影讯查询
[娱乐]电视节目表
[教育]大学院校查询
·
城市热点节庆活动
·
新浪《对话城市》
·
诚招合作伙伴
·
新企邮上线更优惠
新浪扶翼
行业专区
close
新浪简介
┊
About Sina
┊
广告服务
┊
联系我们
┊
招聘信息
┊
网站律师
┊
SINA English
┊
通行证注册
┊
产品答疑
Copyright
©
1996-2015 SINA Corporation, All Rights Reserved
新浪公司
版权所有
",2016-01-04T07:42:59.000Z,财经最新,新浪,http://finance.sina.com.cn/money/forex/hbfx/2016-01-04/doc-ifxneept3658406.shtml,http://news.baidu.com/n?cmd=4&class=finannews&tn=rss,2016-01-04 15:45:43
百年经典中国红 一抹愉悦秀色,"



（原标题：百年经典中国红 令人感官愉悦的一抹秀色）   红釉在瓷器的颜色釉品种中技术难度是相对比较大的，在宋代之前，红釉可以说是凤毛菱角，在长沙窑中出现过釉下的铜红釉，这也可以算的上是早期釉里红的发...","
收藏首页
 | 
新浪首页
 | 
新浪导航
新浪收藏 - 拍卖行情库
    
进入
艺术名家
进入
高清图集
进入
搜 索
中国书画
当代艺术
油画雕塑
瓷器陶艺
文玩杂项
古籍善本
铜器佛像
钱币天地
中外邮票
翡翠玉石
红木频道
影像艺术
奢侈私享
其他藏品
新浪收藏
&gt;
瓷器陶艺
&gt; 正文
百年经典中国红 一抹愉悦秀色
2016年01月04日15:19  
新浪收藏
  
微博
我有话说
收藏本文
     
　　（原标题：百年经典中国红 令人感官愉悦的一抹秀色）
　　红釉在瓷器的颜色釉品种中技术难度是相对比较大的，在宋代之前，红釉可以说是凤毛菱角，在长沙窑中出现过釉下的铜红釉，这也可以算的上是早期釉里红的发端。红釉在陶瓷上的追求也包含着及其深厚的社会学含义。她不仅仅是对最初生命色彩的尊重，更深层的含义是对中华文明最初始敬仰之色的表达。早在中国农耕文明时期，就崇尚红色，因为红色是血液之色，也可谓是生命起源的颜色。在早期的很多彩陶上，就以红色加以装饰。红釉从元代开始，在不断的演变，创造中，传承到今天。在1300度的高温下，以铜为呈色剂的红釉，在烧造中稍有不慎，红色便稍纵即逝。智慧的景德镇工匠就在这转瞬即逝的机会中，将红色牢牢控制，形成了今天我们看到的那一件件精美绝伦的红釉作品。
　　清代时期，红釉品种增多，康熙的郎窑红，豇豆红，年红，祭红，雍正的宝石红，乾隆的胭脂红，窑变红，甚至乾隆盛世时期的仿朱漆，仿剔红，洋红，金红，玫瑰红，盖雪红等等。品类繁复，在清代无疑是百花盛开，推陈出新的黄金之期。
　　这件藏品也是通体红釉，修足细致，器型乖巧。作为文房中的一件摆设，再好不过了。另外本次专场还推出了几件文房的红釉笔洗，也是釉色莹润，通体高温烧造。文房类藏品近些年有着很大的增值空间。希望藏友不要错过。
清晚期祭红釉观音瓶一对
　　这对大瓶是清代晚期红釉作品。盘口，通体施红釉，釉色均匀饱满，釉面莹润。口沿内施白釉。盘口肩部一下，逐渐往内收，这种造型通常也被称之为观音瓶。底足施酱色釉，圈足打磨粘砂，从底足胎釉结合位置，可以看出施釉较厚。整体器型饱满敦实。这类藏品在清代时期多数被用作书房陈设。放置于桌案之上。这对大瓶唯一瑕疵就是口沿处有小修。作为本次兜藏我们为您精选的红釉之一，无论从价格还是品相，都具有十分的亮点。
清中期红釉笔洗
　　这件藏品为清代中期祭红釉笔洗，呈镗锣式样，因此也被称之为镗锣洗。这个造型也是清代时期非常经典文房款式，器身内外通施红釉，因高温烧造，红釉釉色润泽厚重。近足部釉水尤为肥润，整个器物周身，细看会呈橘皮纹样，颇具玩味。圈足，修足精细规整，底部施红釉。由于是文房传世品的缘故，保存完整，全品无伤，作为案头佳器， 无论是收藏还是把玩，或者实用。也是一件非常雅致的藏品。作为瓷器收藏爱好者来说，特别是入门级的藏友，非常值得推荐。
清中期红釉水盂
　　这件藏品是清代中期红釉水盂，这件藏品首先从釉色来说，是类似于郎窑红的风格，玻璃质感很强，在水盂的腹部一下，由于烧造温度的原因，造成了底部颜色偏绿。圈足修足精细规整。底部也类似郎窑红瓷器一样呈现出细碎的苍蝇翅般的开片。整个藏品的造型鼓腹，口沿内收。造型独特。其价格也在区区千元以内。作为文房类藏品，具有十分大的收藏价值和潜力。
　　（文章来源：雅昌古玩）
扫描下载宝库APP
扫描关注新浪收藏官方微信
文章关键词：
秀色
中国红
愉悦
经典
施红
相关新闻
中国美术馆经典藏品来到宁夏
2015-12-23 07:37
画家笔下的毛主席 有意气风发也有操劳憔悴
2015-12-24 07:43
新经典画会2015年展亮相马奈草地美术馆
2015-12-23 04:19
民间工艺与互联网构筑传统与现代的传世经典
2015-12-30 15:15
走向西部Ⅱ·触底：呈现当代艺术家眼中的西部
2015-12-20 09:22
欢迎发表评论
分享到:
收藏
  |  
保存
  |  
打印
  |  
关闭
已收藏!
您可通过新浪首页
(www.sina.com.cn)
顶部 “
我的收藏
”， 查看所有收藏过的文章。
知道了
0
收藏成功
查看我的收藏
-->
微博推荐
一键关注
已关注
关注更多
新闻
图片
微博
博客
视频
猜你喜欢
请用
微博账号
登录
，推荐效果更好！
看过本文的人还看过
",2016-01-04T07:42:59.000Z,财经最新,新浪,http://collection.sina.com.cn/cqty/2016-01-04/doc-ifxncyar6288758.shtml,http://news.baidu.com/n?cmd=4&class=finannews&tn=rss,2016-01-04 15:45:44
